{
  "model": "random_forest",
  "report": {
    "0": {
      "precision": 0.9170792079207921,
      "recall": 0.9801587301587301,
      "f1-score": 0.9475703324808185,
      "support": 756.0
    },
    "1": {
      "precision": 0.9617346938775511,
      "recall": 0.8490990990990991,
      "f1-score": 0.9019138755980861,
      "support": 444.0
    },
    "accuracy": 0.9316666666666666,
    "macro avg": {
      "precision": 0.9394069508991716,
      "recall": 0.9146289146289146,
      "f1-score": 0.9247421040394523,
      "support": 1200.0
    },
    "weighted avg": {
      "precision": 0.9336017377247928,
      "recall": 0.9316666666666666,
      "f1-score": 0.9306774434342076,
      "support": 1200.0
    }
  },
  "confusion_matrix": [
    [
      741,
      15
    ],
    [
      67,
      377
    ]
  ]
}