{
  "logreg": {
    "auc": 0.6638587856703422,
    "accuracy": 0.6408333333333334,
    "f1": 0.3834048640915594
  },
  "random_forest": {
    "auc": 0.6275673181581563,
    "accuracy": 0.62,
    "f1": 0.3090909090909091
  }
}